,avg_sentiment_value,total_daily_pnl,avg_trade_size
avg_sentiment_value,1.0,-0.08264200129021669,-0.051824128742280984
total_daily_pnl,-0.08264200129021669,1.0,-0.015941021691784504
avg_trade_size,-0.051824128742280984,-0.015941021691784504,1.0
