classification,mean_size,median_size
Extreme Fear,5349.7318429906545,766.15
Fear,7816.109930785776,735.96
Neutral,4782.732661465797,547.655
Greed,5736.884375086974,555.0
Extreme Greed,3112.2515645629123,500.05
