classification,is_win
Extreme Fear,0.7621564482029598
Fear,0.8728864734299517
Neutral,0.8238889806707418
Greed,0.7689068954559898
Extreme Greed,0.8916702632714717
